Nama Produk,Review,Nama Akun,Rating User,Ulasan Produk,Waktu Review,Varian Produk
Fantech HG23 OCTANE 7.1 - Gaming Headset,1,Sugiono,bintang 5,"Proses kilat, packing aman.",11 bulan lalu,none
Fantech HG23 OCTANE 7.1 - Gaming Headset,2,Raphael,bintang 5,Sorry telat min. Barang bagus suara kenceng bass lumayan untuk harga segini dan wajib matiin software equalizer kalau gak bakal keresek2 suaranya haus pake eq bawaan surr...,Lebih dari 1 tahun lalu,Varian: Hg23 Only
Fantech HG23 OCTANE 7.1 - Gaming Headset,3,Daffa,bintang 5,"Mantap, kualitas bagus.",Lebih dari 1 tahun lalu,Varian: Hg23 Only
Fantech HG23 OCTANE 7.1 - Gaming Headset,4,I***i,bintang 5,mantab.. terima kasih seller..,Lebih dari 1 tahun lalu,Varian: Hg23 Only
Fantech HG23 OCTANE 7.1 - Gaming Headset,5,M***d,bintang 5,none,Lebih dari 1 tahun lalu,none
Fantech HG23 OCTANE 7.1 - Gaming Headset,6,R***n,bintang 5,mayan,Lebih dari 1 tahun lalu,none
Fantech HG23 OCTANE 7.1 - Gaming Headset,7,Nathan,bintang 5,Lumayan bagus. Semoga awet ya,Lebih dari 1 tahun lalu,none
Fantech HG23 OCTANE 7.1 - Gaming Headset,8,Diiyasminhd,bintang 5,"Bagus banget barangnya berkualitas, pelayanan adminnya sangat sabar menghadapi pembeli gasabaran kaya saya, shout out to admin Kharisma terimakasih banyak bantuannya hihi...",Lebih dari 1 tahun lalu,none
Fantech HG23 OCTANE 7.1 - Gaming Headset,9,Afdivan,bintang 5,"headset GG, step musuh dari map sebelah kedengaran",Lebih dari 1 tahun lalu,none
Fantech HG23 OCTANE 7.1 - Gaming Headset,10,Faaiz,bintang 5,ğŸ‘ğŸ‘ğŸ‘ğŸ‘,Lebih dari 1 tahun lalu,none
Fantech HG23 OCTANE 7.1 - Gaming Headset,11,K***z,bintang 3,"jujur headsetny biasa aja, build quality standar kemahalan dgn harga segini. mending beli yg hrga 100rb an saja. 7.1 gk terasa bedany",Lebih dari 1 tahun lalu,none
Fantech HG23 OCTANE 7.1 - Gaming Headset,12,Erwin,bintang 5,"pengiriman cepat, packing rapih banget, pokoknya kalo belanja di GGS ga pernah bikin kecewa thanks GGS ğŸ¤˜",Lebih dari 1 tahun lalu,none
Fantech HG23 OCTANE 7.1 - Gaming Headset,13,N***a,bintang 5,"seller talkative, barang oke, kurir manteb juga, biar bintang yg berbicarağŸ‘ğŸ‘",Lebih dari 1 tahun lalu,none
Fantech HG23 OCTANE 7.1 - Gaming Headset,14,Tedy,bintang 5,Barang bagus sesuai iklan,Lebih dari 1 tahun lalu,none
